"date","energy"
2005-01-01,2889.125
2005-01-02,2788.95833333333
2005-01-03,2708.45833333333
2005-01-04,2211.58333333333
2005-01-05,2035.125
2005-01-06,2109.625
2005-01-07,2313.375
2005-01-08,2479.70833333333
2005-01-09,3115.54166666667
2005-01-10,3221.58333333333
2005-01-11,3055.54166666667
2005-01-12,2498.83333333333
2005-01-13,2003.91666666667
2005-01-14,2475.66666666667
2005-01-15,4293.5
2005-01-16,4499.625
2005-01-17,4924.91666666667
2005-01-18,6483.875
2005-01-19,6423.54166666667
2005-01-20,4843.79166666667
2005-01-21,5068.25
2005-01-22,5507.45833333333
2005-01-23,6329.70833333333
2005-01-24,6128.41666666667
2005-01-25,4565.75
2005-01-26,3821.625
2005-01-27,4781.66666666667
2005-01-28,6202.29166666667
2005-01-29,5123.41666666667
2005-01-30,4538.91666666667
2005-01-31,4473.625
2005-02-01,4549.16666666667
2005-02-02,4431.875
2005-02-03,4759.625
2005-02-04,4505.04166666667
2005-02-05,3876.04166666667
2005-02-06,3606
2005-02-07,3639.58333333333
2005-02-08,3362.41666666667
2005-02-09,2647.375
2005-02-10,2737.70833333333
2005-02-11,4179.29166666667
2005-02-12,3903.83333333333
2005-02-13,3483.75
2005-02-14,3061.95833333333
2005-02-15,2425.375
2005-02-16,2530.91666666667
2005-02-17,3040.5
2005-02-18,4186.58333333333
2005-02-19,4421.41666666667
2005-02-20,4081.58333333333
2005-02-21,2860.54166666667
2005-02-22,2784.66666666667
2005-02-23,3241.08333333333
2005-02-24,4044.25
2005-02-25,4513.625
2005-02-26,4292.33333333333
2005-02-27,4246.58333333333
2005-02-28,3664.75
2005-03-01,3815.54166666667
2005-03-02,4400.95833333333
2005-03-03,4398.875
2005-03-04,4141.79166666667
2005-03-05,3667.66666666667
2005-03-06,3776.125
2005-03-07,2660.91666666667
2005-03-08,1525.29166666667
2005-03-09,3704.66666666667
2005-03-10,3692.08333333333
2005-03-11,3091.95833333333
2005-03-12,3430.70833333333
2005-03-13,2904.625
2005-03-14,3709
2005-03-15,3721.29166666667
2005-03-16,4179.375
2005-03-17,4918.54166666667
2005-03-18,3598.375
2005-03-19,3512
2005-03-20,2752.29166666667
2005-03-21,2764
2005-03-22,2986.79166666667
2005-03-23,2338.20833333333
2005-03-24,2687.58333333333
2005-03-25,3280.625
2005-03-26,2872.70833333333
2005-03-27,2836.16666666667
2005-03-28,2230.70833333333
2005-03-29,2304.08333333333
2005-03-30,2310.79166666667
2005-03-31,2263.58333333333
2005-04-01,2041.04166666667
2005-04-02,2198.45833333333
2005-04-03,NA
2005-04-04,2254.125
2005-04-05,2086.95833333333
2005-04-06,2054
2005-04-07,1877.45833333333
2005-04-08,1864.33333333333
2005-04-09,2220.70833333333
2005-04-10,2479.54166666667
2005-04-11,2301.29166666667
2005-04-12,2664.29166666667
2005-04-13,3189.70833333333
2005-04-14,2827.875
2005-04-15,3302.75
2005-04-16,3237.58333333333
2005-04-17,2956.875
2005-04-18,2320.25
2005-04-19,2021.41666666667
2005-04-20,2137.25
2005-04-21,2077.375
2005-04-22,2052.45833333333
2005-04-23,2071.20833333333
2005-04-24,2376.66666666667
2005-04-25,2425.625
2005-04-26,2137.33333333333
2005-04-27,1959.04166666667
2005-04-28,1998.54166666667
2005-04-29,1981.83333333333
2005-04-30,2083.58333333333
2005-05-01,2025.625
2005-05-02,2004.20833333333
2005-05-03,2031.875
2005-05-04,2084.54166666667
2005-05-05,2070.70833333333
2005-05-06,2777.20833333333
2005-05-07,2400.79166666667
2005-05-08,2052.54166666667
2005-05-09,1990.45833333333
2005-05-10,1955.75
2005-05-11,2107.08333333333
2005-05-12,2296.16666666667
2005-05-13,1922
2005-05-14,2339.75
2005-05-15,2562
2005-05-16,2105.91666666667
2005-05-17,1939.79166666667
2005-05-18,1963.70833333333
2005-05-19,1886.91666666667
2005-05-20,1959.29166666667
2005-05-21,2004.79166666667
2005-05-22,2118
2005-05-23,2206.625
2005-05-24,1908.125
2005-05-25,1998.75
2005-05-26,2061.125
2005-05-27,2420.91666666667
2005-05-28,2758.20833333333
2005-05-29,2529.45833333333
2005-05-30,2417.66666666667
2005-05-31,2201.5
2005-06-01,1894.5
2005-06-02,1957.91666666667
2005-06-03,2163.375
2005-06-04,2494.79166666667
2005-06-05,3135.41666666667
2005-06-06,3160.375
2005-06-07,3128.70833333333
2005-06-08,3383.79166666667
2005-06-09,3274.79166666667
2005-06-10,3511.5
2005-06-11,3478.91666666667
2005-06-12,3821.08333333333
2005-06-13,3954.5
2005-06-14,4338.75
2005-06-15,4528.5
2005-06-16,3846.08333333333
2005-06-17,3110.29166666667
2005-06-18,2885.70833333333
2005-06-19,2807.75
2005-06-20,2266.41666666667
2005-06-21,2523.625
2005-06-22,3253.79166666667
2005-06-23,3232.625
2005-06-24,3193.375
2005-06-25,3344.125
2005-06-26,2974.04166666667
2005-06-27,3581.08333333333
2005-06-28,3691.875
2005-06-29,2751.91666666667
2005-06-30,3533.83333333333
2005-07-01,4419.5
2005-07-02,3783.375
2005-07-03,3667.04166666667
2005-07-04,3718.58333333333
2005-07-05,3711.375
2005-07-06,4319.33333333333
2005-07-07,4179.75
2005-07-08,4183.25
2005-07-09,4013.45833333333
2005-07-10,4271.58333333333
2005-07-11,4154.41666666667
2005-07-12,4287.45833333333
2005-07-13,3434.875
2005-07-14,3452.625
2005-07-15,3848.75
2005-07-16,4414.33333333333
2005-07-17,4390.83333333333
2005-07-18,4534.70833333333
2005-07-19,4531.33333333333
2005-07-20,4240.29166666667
2005-07-21,4359.75
2005-07-22,4219.41666666667
2005-07-23,3961.70833333333
2005-07-24,3694.33333333333
2005-07-25,3796.04166666667
2005-07-26,4837.04166666667
2005-07-27,5370.45833333333
2005-07-28,3972.45833333333
2005-07-29,3490.25
2005-07-30,3173.20833333333
2005-07-31,2944.5
2005-08-01,3301.95833333333
2005-08-02,3499.91666666667
2005-08-03,3819.45833333333
2005-08-04,4128.5
2005-08-05,4327.20833333333
2005-08-06,4480.08333333333
2005-08-07,4010.91666666667
2005-08-08,3678.08333333333
2005-08-09,3546.04166666667
2005-08-10,3765.08333333333
2005-08-11,4367.375
2005-08-12,4606.75
2005-08-13,4806
2005-08-14,4782.91666666667
2005-08-15,4393.5
2005-08-16,4063.79166666667
2005-08-17,3230.91666666667
2005-08-18,3416.375
2005-08-19,4155.5
2005-08-20,4652.125
2005-08-21,4725.54166666667
2005-08-22,4338.33333333333
2005-08-23,3417.375
2005-08-24,3504.75
2005-08-25,3016.70833333333
2005-08-26,2909.125
2005-08-27,3304.95833333333
2005-08-28,4156.41666666667
2005-08-29,4045.75
2005-08-30,4375.08333333333
2005-08-31,4718.20833333333
2005-09-01,3784.45833333333
2005-09-02,3845.91666666667
2005-09-03,3819.04166666667
2005-09-04,3115.79166666667
2005-09-05,3066.95833333333
2005-09-06,2750.91666666667
2005-09-07,2563.08333333333
2005-09-08,2832.95833333333
2005-09-09,2829
2005-09-10,2621.66666666667
2005-09-11,2787.83333333333
2005-09-12,2852.625
2005-09-13,3485.58333333333
2005-09-14,3447.83333333333
2005-09-15,3140.875
2005-09-16,3422.45833333333
2005-09-17,3923.66666666667
2005-09-18,3743.79166666667
2005-09-19,3447.16666666667
2005-09-20,3547.41666666667
2005-09-21,3044.54166666667
2005-09-22,3085.33333333333
2005-09-23,3522.875
2005-09-24,3380.29166666667
2005-09-25,3179.16666666667
2005-09-26,3168.04166666667
2005-09-27,2921.33333333333
2005-09-28,2454.41666666667
2005-09-29,2773.08333333333
2005-09-30,2182.45833333333
2005-10-01,2337.20833333333
2005-10-02,2351.08333333333
2005-10-03,2278.20833333333
2005-10-04,2494.66666666667
2005-10-05,2752.20833333333
2005-10-06,2900.04166666667
2005-10-07,2703.66666666667
2005-10-08,2972.70833333333
2005-10-09,2464.16666666667
2005-10-10,2176.5
2005-10-11,2212.375
2005-10-12,2056.33333333333
2005-10-13,1996.875
2005-10-14,1990.95833333333
2005-10-15,2136.08333333333
2005-10-16,2109.83333333333
2005-10-17,2049.58333333333
2005-10-18,2082.29166666667
2005-10-19,2154.375
2005-10-20,2320
2005-10-21,2164.91666666667
2005-10-22,2311.625
2005-10-23,2084.75
2005-10-24,2146.08333333333
2005-10-25,2385.20833333333
2005-10-26,2498.66666666667
2005-10-27,2488
2005-10-28,2798.25
2005-10-29,3142.875
2005-10-30,3072.125
2005-10-31,2594.5
2005-11-01,2265.70833333333
2005-11-02,2227.41666666667
2005-11-03,2549.58333333333
2005-11-04,2286.75
2005-11-05,2155.625
2005-11-06,2123.45833333333
2005-11-07,2040.125
2005-11-08,2130.375
2005-11-09,2063.25
2005-11-10,2097.95833333333
2005-11-11,2972.45833333333
2005-11-12,3055.66666666667
2005-11-13,2526.66666666667
2005-11-14,2084.5
2005-11-15,1992.83333333333
2005-11-16,1997.08333333333
2005-11-17,2494.875
2005-11-18,3881.20833333333
2005-11-19,3983.04166666667
2005-11-20,3120.95833333333
2005-11-21,2559.70833333333
2005-11-22,2855.5
2005-11-23,3859.08333333333
2005-11-24,3045.95833333333
2005-11-25,4092.08333333333
2005-11-26,4302.66666666667
2005-11-27,3485.91666666667
2005-11-28,2300.20833333333
2005-11-29,2126
2005-11-30,2171.58333333333
2005-12-01,3188.33333333333
2005-12-02,3680.75
2005-12-03,4266.79166666667
2005-12-04,2860.25
2005-12-05,3420.125
2005-12-06,4428
2005-12-07,4754.41666666667
2005-12-08,4711.29166666667
2005-12-09,3924.54166666667
2005-12-10,4568.70833333333
2005-12-11,3735.5
2005-12-12,3762.58333333333
2005-12-13,4605.08333333333
2005-12-14,5561.45833333333
2005-12-15,4099.70833333333
2005-12-16,3210.54166666667
2005-12-17,4328.29166666667
2005-12-18,4409.83333333333
2005-12-19,4413.625
2005-12-20,5029.75
2005-12-21,5256.5
2005-12-22,5292.125
2005-12-23,4621.79166666667
2005-12-24,3982.25
2005-12-25,3323.83333333333
2005-12-26,3442.41666666667
2005-12-27,3941.04166666667
2005-12-28,3673.83333333333
2005-12-29,3172.79166666667
2005-12-30,3744.25
2005-12-31,3791.5
2006-01-01,3593.08333333333
2006-01-02,3556.16666666667
2006-01-03,2973.16666666667
2006-01-04,3963.70833333333
2006-01-05,3293.58333333333
2006-01-06,4188.54166666667
2006-01-07,4869.04166666667
2006-01-08,4009.25
2006-01-09,2942.5
2006-01-10,2903.58333333333
2006-01-11,2751.25
2006-01-12,2428.91666666667
2006-01-13,2424.25
2006-01-14,3069.45833333333
2006-01-15,4564.58333333333
2006-01-16,4046.125
2006-01-17,3006.45833333333
2006-01-18,2836.54166666667
2006-01-19,3552.20833333333
2006-01-20,3047.54166666667
2006-01-21,2681.45833333333
2006-01-22,3387.70833333333
2006-01-23,2986.25
2006-01-24,2795.54166666667
2006-01-25,3454.29166666667
2006-01-26,4363.29166666667
2006-01-27,4512.45833333333
2006-01-28,3959.95833333333
2006-01-29,3221.91666666667
2006-01-30,2444.16666666667
2006-01-31,3120.04166666667
2006-02-01,3824.08333333333
2006-02-02,3287.70833333333
2006-02-03,2299.625
2006-02-04,2434.83333333333
2006-02-05,3487.83333333333
2006-02-06,3879.33333333333
2006-02-07,3595.29166666667
2006-02-08,4237.29166666667
2006-02-09,4461.79166666667
2006-02-10,4468.875
2006-02-11,3818.58333333333
2006-02-12,4614.375
2006-02-13,4757.375
2006-02-14,3929.95833333333
2006-02-15,3267.79166666667
2006-02-16,2664.70833333333
2006-02-17,2393.16666666667
2006-02-18,3887.79166666667
2006-02-19,5306.95833333333
2006-02-20,4897.79166666667
2006-02-21,3450.25
2006-02-22,3381.16666666667
2006-02-23,3263.08333333333
2006-02-24,3325.66666666667
2006-02-25,3369.95833333333
2006-02-26,4177.25
2006-02-27,4684.58333333333
2006-02-28,3519.125
2006-03-01,3353.33333333333
2006-03-02,2630.625
2006-03-03,2980.33333333333
2006-03-04,3957.66666666667
2006-03-05,3702.66666666667
2006-03-06,3833.375
2006-03-07,3924.75
2006-03-08,3849.66666666667
2006-03-09,2654.625
2006-03-10,2110.625
2006-03-11,2190
2006-03-12,2222.08333333333
2006-03-13,2105.83333333333
2006-03-14,2029.45833333333
2006-03-15,2720
2006-03-16,2873.875
2006-03-17,2655.95833333333
2006-03-18,3198.83333333333
2006-03-19,3514.625
2006-03-20,3262.25
2006-03-21,3364.08333333333
2006-03-22,3513.66666666667
2006-03-23,3102.875
2006-03-24,3193.20833333333
2006-03-25,3526.04166666667
2006-03-26,3611.70833333333
2006-03-27,3362.29166666667
2006-03-28,3430.16666666667
2006-03-29,3513.66666666667
2006-03-30,3000
2006-03-31,2405.08333333333
2006-04-01,2150.75
2006-04-02,NA
2006-04-03,2062.08333333333
2006-04-04,2082.79166666667
2006-04-05,2303.29166666667
2006-04-06,2387
2006-04-07,2052.16666666667
2006-04-08,2107.875
2006-04-09,2720.08333333333
2006-04-10,2787.16666666667
2006-04-11,2412.66666666667
2006-04-12,2141.41666666667
2006-04-13,2065.58333333333
2006-04-14,2152.20833333333
2006-04-15,2555
2006-04-16,2198
2006-04-17,2112.54166666667
2006-04-18,2243.20833333333
2006-04-19,2159.5
2006-04-20,2116.91666666667
2006-04-21,2060.625
2006-04-22,2137.625
2006-04-23,2337.70833333333
2006-04-24,2243.79166666667
2006-04-25,2340.04166666667
2006-04-26,1976.625
2006-04-27,2166.5
2006-04-28,2097.375
2006-04-29,2252.25
2006-04-30,2453.20833333333
2006-05-01,2494.33333333333
2006-05-02,2299.5
2006-05-03,1989.16666666667
2006-05-04,2102.625
2006-05-05,2193.04166666667
2006-05-06,2323.70833333333
2006-05-07,2108.45833333333
2006-05-08,2145.20833333333
2006-05-09,2074.33333333333
2006-05-10,2086
2006-05-11,2201.79166666667
2006-05-12,2119.25
2006-05-13,2187.20833333333
2006-05-14,2041.08333333333
2006-05-15,2063.83333333333
2006-05-16,2016.29166666667
2006-05-17,2097.95833333333
2006-05-18,2172.91666666667
2006-05-19,2011.91666666667
2006-05-20,2299.79166666667
2006-05-21,2438.625
2006-05-22,2144.33333333333
2006-05-23,2042.25
2006-05-24,2098.25
2006-05-25,2649.5
2006-05-26,3256.45833333333
2006-05-27,3277.75
2006-05-28,3383.04166666667
2006-05-29,3070.95833333333
2006-05-30,2991.33333333333
2006-05-31,3414.54166666667
2006-06-01,3517.5
2006-06-02,3642.04166666667
2006-06-03,2705.5
2006-06-04,2862.70833333333
2006-06-05,2350.54166666667
2006-06-06,2264.5
2006-06-07,2570.45833333333
2006-06-08,2770.83333333333
2006-06-09,2951.375
2006-06-10,3013.20833333333
2006-06-11,2763.83333333333
2006-06-12,2437.75
2006-06-13,2489.95833333333
2006-06-14,2315.25
2006-06-15,2675.75
2006-06-16,2842.29166666667
2006-06-17,3033.625
2006-06-18,3401.70833333333
2006-06-19,3440.5
2006-06-20,3867.79166666667
2006-06-21,3567.95833333333
2006-06-22,3984.75
2006-06-23,4215.16666666667
2006-06-24,3602.66666666667
2006-06-25,3954.70833333333
2006-06-26,3475.79166666667
2006-06-27,3262
2006-06-28,3636.5
2006-06-29,3981.25
2006-06-30,3637.375
2006-07-01,3931.66666666667
2006-07-02,4523.45833333333
2006-07-03,4915.16666666667
2006-07-04,4446.45833333333
2006-07-05,4449.95833333333
2006-07-06,3191.125
2006-07-07,2697.04166666667
2006-07-08,2939.41666666667
2006-07-09,3211.54166666667
2006-07-10,3767.45833333333
2006-07-11,4196.20833333333
2006-07-12,4397.75
2006-07-13,4558.45833333333
2006-07-14,3899.29166666667
2006-07-15,4334.75
2006-07-16,4271.45833333333
2006-07-17,4229.75
2006-07-18,4445.29166666667
2006-07-19,4273.79166666667
2006-07-20,4223.91666666667
2006-07-21,4451.70833333333
2006-07-22,4507.125
2006-07-23,3951.79166666667
2006-07-24,3641.75
2006-07-25,3342.79166666667
2006-07-26,3731.58333333333
2006-07-27,4295.08333333333
2006-07-28,4589.375
2006-07-29,4427.20833333333
2006-07-30,4302.375
2006-07-31,4511.79166666667
2006-08-01,4870.83333333333
2006-08-02,5320.29166666667
2006-08-03,5376.29166666667
2006-08-04,5240.08333333333
2006-08-05,4491.95833333333
2006-08-06,4176.375
2006-08-07,4096.16666666667
2006-08-08,4266.79166666667
2006-08-09,4029.375
2006-08-10,3638.25
2006-08-11,3122.58333333333
2006-08-12,2810.5
2006-08-13,2983.45833333333
2006-08-14,3439.625
2006-08-15,3967.83333333333
2006-08-16,3764.25
2006-08-17,3424.75
2006-08-18,3814.70833333333
2006-08-19,4154.79166666667
2006-08-20,4519.95833333333
2006-08-21,3662.75
2006-08-22,3274.54166666667
2006-08-23,3582.83333333333
2006-08-24,3530.625
2006-08-25,3720.5
2006-08-26,4053.875
2006-08-27,4174.04166666667
2006-08-28,4505.95833333333
2006-08-29,4826.20833333333
2006-08-30,4019.45833333333
2006-08-31,2993.08333333333
2006-09-01,2782.5
2006-09-02,2653.875
2006-09-03,3413.95833333333
2006-09-04,3630.95833333333
2006-09-05,3062.79166666667
2006-09-06,2370.95833333333
2006-09-07,2696.45833333333
2006-09-08,2501.91666666667
2006-09-09,2796.20833333333
2006-09-10,3016.125
2006-09-11,2350.25
2006-09-12,2144.625
2006-09-13,2141.41666666667
2006-09-14,2415
2006-09-15,2578.91666666667
2006-09-16,2402.75
2006-09-17,2667
2006-09-18,2789.20833333333
2006-09-19,3058.125
2006-09-20,2537.5
2006-09-21,2023
2006-09-22,2068.5
2006-09-23,3014.375
2006-09-24,3629.20833333333
2006-09-25,2476.25
2006-09-26,2191.58333333333
2006-09-27,2172.33333333333
2006-09-28,2251.66666666667
2006-09-29,2066.45833333333
2006-09-30,2122.16666666667
2006-10-01,2216.95833333333
2006-10-02,2115.45833333333
2006-10-03,2162.41666666667
2006-10-04,2437.75
2006-10-05,2375.91666666667
2006-10-06,2081.625
2006-10-07,2157.16666666667
2006-10-08,2203.25
2006-10-09,2128.58333333333
2006-10-10,2185.45833333333
2006-10-11,2188.08333333333
2006-10-12,2193.04166666667
2006-10-13,2067.91666666667
2006-10-14,2435.41666666667
2006-10-15,2588.54166666667
2006-10-16,2334.20833333333
2006-10-17,2105.54166666667
2006-10-18,2167.95833333333
2006-10-19,2175.83333333333
2006-10-20,2330.125
2006-10-21,2179.91666666667
2006-10-22,2491.70833333333
2006-10-23,2320.79166666667
2006-10-24,3144.16666666667
2006-10-25,3377.79166666667
2006-10-26,3251.5
2006-10-27,2802.33333333333
2006-10-28,2162.125
2006-10-29,2563.45833333333
2006-10-30,2351.70833333333
2006-10-31,2185.45833333333
2006-11-01,2090.66666666667
2006-11-02,2259.25
2006-11-03,3318.58333333333
2006-11-04,4002.83333333333
2006-11-05,3750.83333333333
2006-11-06,3080.875
2006-11-07,2575.41666666667
2006-11-08,2058.58333333333
2006-11-09,2066.45833333333
2006-11-10,2174.08333333333
2006-11-11,2241.75
2006-11-12,2533.125
2006-11-13,2770.83333333333
2006-11-14,2319.33333333333
2006-11-15,2135.58333333333
2006-11-16,2097.08333333333
2006-11-17,2412.375
2006-11-18,3095.75
2006-11-19,3563.875
2006-11-20,3544.04166666667
2006-11-21,3701.83333333333
2006-11-22,2940.875
2006-11-23,3477.25
2006-11-24,3077.375
2006-11-25,3350.66666666667
2006-11-26,3155.25
2006-11-27,2863.875
2006-11-28,2660.29166666667
2006-11-29,2400.125
2006-11-30,2313.79166666667
2006-12-01,2115.16666666667
2006-12-02,2566.375
2006-12-03,3320.625
2006-12-04,3770.95833333333
2006-12-05,4509.16666666667
2006-12-06,3711.16666666667
2006-12-07,2927.16666666667
2006-12-08,5646.375
2006-12-09,5740.875
2006-12-10,4538.91666666667
2006-12-11,3943.91666666667
2006-12-12,3815
2006-12-13,2879.04166666667
2006-12-14,2724.16666666667
2006-12-15,2713.08333333333
2006-12-16,3310.125
2006-12-17,3477.25
2006-12-18,2725.33333333333
2006-12-19,2920.75
2006-12-20,3979.5
2006-12-21,3826.95833333333
2006-12-22,2870
2006-12-23,2467.79166666667
2006-12-24,3104.79166666667
2006-12-25,3168.66666666667
2006-12-26,2652.125
2006-12-27,3475.20833333333
2006-12-28,4071.08333333333
2006-12-29,3865.75
2006-12-30,3727.20833333333
2006-12-31,3008.83333333333
2007-01-01,2513.29166666667
2007-01-02,3044.125
2007-01-03,3651.375
2007-01-04,2693.54166666667
2007-01-05,2263.33333333333
2007-01-06,2220.45833333333
2007-01-07,2558.5
2007-01-08,2440.95833333333
2007-01-09,3770.375
2007-01-10,4580.625
2007-01-11,4648.875
2007-01-12,3194.33333333333
2007-01-13,2605.16666666667
2007-01-14,2440.95833333333
2007-01-15,2308.54166666667
2007-01-16,2629.375
2007-01-17,4820.08333333333
2007-01-18,4887.45833333333
2007-01-19,3815
2007-01-20,4752.125
2007-01-21,5482.75
2007-01-22,4331.54166666667
2007-01-23,4100.25
2007-01-24,4459.58333333333
2007-01-25,4706.625
2007-01-26,5467.29166666667
2007-01-27,4026.16666666667
2007-01-28,3577.58333333333
2007-01-29,5678.45833333333
2007-01-30,5109.70833333333
2007-01-31,5201.58333333333
2007-02-01,5461.45833333333
2007-02-02,4201.16666666667
2007-02-03,4312.875
2007-02-04,4510.91666666667
2007-02-05,5513.375
2007-02-06,6546.75
2007-02-07,4725.58333333333
2007-02-08,5447.45833333333
2007-02-09,5401.08333333333
2007-02-10,5112.91666666667
2007-02-11,5473.41666666667
2007-02-12,4521.125
2007-02-13,3335.20833333333
2007-02-14,3748.5
2007-02-15,5292.58333333333
2007-02-16,5681.375
2007-02-17,5492.375
2007-02-18,4793.25
2007-02-19,5484.20833333333
2007-02-20,3698.625
2007-02-21,2995.125
2007-02-22,2909.08333333333
2007-02-23,3767.45833333333
2007-02-24,4572.45833333333
2007-02-25,4027.33333333333
2007-02-26,2813.41666666667
2007-02-27,3261.41666666667
2007-02-28,3324.41666666667
2007-03-01,3172.75
2007-03-02,2251.375
2007-03-03,2591.16666666667
2007-03-04,3418.91666666667
2007-03-05,3801.58333333333
2007-03-06,4008.08333333333
2007-03-07,3803.33333333333
2007-03-08,4131.16666666667
2007-03-09,3938.08333333333
2007-03-10,3052.29166666667
2007-03-11,NA
2007-03-12,3247.41666666667
2007-03-13,2750.125
2007-03-14,2197.125
2007-03-15,2078.41666666667
2007-03-16,2515.04166666667
2007-03-17,4277
2007-03-18,4405.33333333333
2007-03-19,3921.45833333333
2007-03-20,2505.41666666667
2007-03-21,2891.875
2007-03-22,2503.66666666667
2007-03-23,2101.75
2007-03-24,2147.83333333333
2007-03-25,2223.375
2007-03-26,2533.125
2007-03-27,2154.54166666667
2007-03-28,2076.375
2007-03-29,2353.16666666667
2007-03-30,2849.875
2007-03-31,2497.54166666667
2007-04-01,2201.5
2007-04-02,2300.375
2007-04-03,2145.79166666667
2007-04-04,2197.70833333333
2007-04-05,2139.95833333333
2007-04-06,2973.25
2007-04-07,3836.875
2007-04-08,3919.70833333333
2007-04-09,3453.625
2007-04-10,3222.625
2007-04-11,2895.66666666667
2007-04-12,2147.25
2007-04-13,2205.58333333333
2007-04-14,2656.5
2007-04-15,2315.83333333333
2007-04-16,2796.20833333333
2007-04-17,2474.5
2007-04-18,2592.04166666667
2007-04-19,2738.16666666667
2007-04-20,2520.875
2007-04-21,2540.125
2007-04-22,2325.45833333333
2007-04-23,2236.20833333333
2007-04-24,2271.20833333333
2007-04-25,2574.25
2007-04-26,2219.58333333333
2007-04-27,2383.5
2007-04-28,2393.70833333333
2007-04-29,2264.5
2007-04-30,2383.5
2007-05-01,2499.875
2007-05-02,2744.58333333333
2007-05-03,2053.625
2007-05-04,2062.08333333333
2007-05-05,2156.29166666667
2007-05-06,2228.33333333333
2007-05-07,2538.08333333333
2007-05-08,2272.375
2007-05-09,2178.45833333333
2007-05-10,2324.58333333333
2007-05-11,2743.125
2007-05-12,2633.45833333333
2007-05-13,2144.91666666667
2007-05-14,2191.58333333333
2007-05-15,2282.875
2007-05-16,2528.16666666667
2007-05-17,2109.33333333333
2007-05-18,2120.70833333333
2007-05-19,2212.875
2007-05-20,2342.66666666667
2007-05-21,2310.58333333333
2007-05-22,2172.625
2007-05-23,2263.04166666667
2007-05-24,2331.58333333333
2007-05-25,2640.16666666667
2007-05-26,3225.25
2007-05-27,3534.41666666667
2007-05-28,3558.91666666667
2007-05-29,3387.41666666667
2007-05-30,2824.79166666667
2007-05-31,3001.83333333333
2007-06-01,3102.16666666667
2007-06-02,3141.25
2007-06-03,3010.29166666667
2007-06-04,3318
2007-06-05,3608.20833333333
2007-06-06,3124.625
2007-06-07,3648.16666666667
2007-06-08,4535.125
2007-06-09,4187.16666666667
2007-06-10,2952.83333333333
2007-06-11,2803.5
2007-06-12,2835
2007-06-13,2723.58333333333
2007-06-14,2142.875
2007-06-15,2130.91666666667
2007-06-16,2535.16666666667
2007-06-17,3497.08333333333
2007-06-18,4152.45833333333
2007-06-19,4517.04166666667
2007-06-20,3375.45833333333
2007-06-21,3247.125
2007-06-22,3586.04166666667
2007-06-23,3391.20833333333
2007-06-24,3866.04166666667
2007-06-25,3881.5
2007-06-26,4281.08333333333
2007-06-27,4587.33333333333
2007-06-28,4725.875
2007-06-29,4335.04166666667
2007-06-30,3851.45833333333
2007-07-01,3577.29166666667
2007-07-02,2901.20833333333
2007-07-03,2964.79166666667
2007-07-04,3576.70833333333
2007-07-05,4232.66666666667
2007-07-06,4632.83333333333
2007-07-07,4588.20833333333
2007-07-08,4609.79166666667
2007-07-09,4882.20833333333
2007-07-10,4652.08333333333
2007-07-11,4515
2007-07-12,4043.66666666667
2007-07-13,3406.08333333333
2007-07-14,3649.91666666667
2007-07-15,4463.66666666667
2007-07-16,4406.20833333333
2007-07-17,4086.54166666667
2007-07-18,4141.95833333333
2007-07-19,4835.83333333333
2007-07-20,4155.375
2007-07-21,3185
2007-07-22,2926
2007-07-23,3175.375
2007-07-24,3405.79166666667
2007-07-25,3618.125
2007-07-26,3953.54166666667
2007-07-27,4374.125
2007-07-28,4207.875
2007-07-29,4463.66666666667
2007-07-30,3560.375
2007-07-31,3970.16666666667
2007-08-01,3962.875
2007-08-02,4235.875
2007-08-03,4141.66666666667
2007-08-04,3945.66666666667
2007-08-05,4139.625
2007-08-06,3942.45833333333
2007-08-07,3864.875
2007-08-08,3975.70833333333
2007-08-09,4235.875
2007-08-10,4141.66666666667
2007-08-11,3945.66666666667
2007-08-12,4139.625
2007-08-13,3942.45833333333
2007-08-14,3864.875
2007-08-15,4041.625
2007-08-16,4754.16666666667
2007-08-17,4199.125
2007-08-18,4044.54166666667
2007-08-19,3922.04166666667
2007-08-20,4817.16666666667
2007-08-21,5085.5
2007-08-22,3835.41666666667
2007-08-23,3602.08333333333
2007-08-24,4014.5
2007-08-25,4861.79166666667
2007-08-26,4559.33333333333
2007-08-27,3795.45833333333
2007-08-28,3736.25
2007-08-29,3533.25
2007-08-30,3301.95833333333
2007-08-31,3402.29166666667
2007-09-01,3676.45833333333
2007-09-02,3172.75
2007-09-03,3553.66666666667
2007-09-04,3465.29166666667
2007-09-05,3560.375
2007-09-06,3617.83333333333
2007-09-07,3547.25
2007-09-08,3409.875
2007-09-09,3735.66666666667
2007-09-10,4045.41666666667
2007-09-11,4317.25
2007-09-12,3406.95833333333
2007-09-13,3109.45833333333
2007-09-14,3189.375
2007-09-15,2882.83333333333
2007-09-16,2241.45833333333
2007-09-17,2114.29166666667
2007-09-18,2159.5
2007-09-19,2327.79166666667
2007-09-20,2305.33333333333
2007-09-21,2733.79166666667
2007-09-22,3363.20833333333
2007-09-23,3613.16666666667
2007-09-24,2755.95833333333
2007-09-25,2772
2007-09-26,3207.75
2007-09-27,2956.04166666667
2007-09-28,3051.41666666667
2007-09-29,2343.83333333333
2007-09-30,2344.125
2007-10-01,2332.16666666667
2007-10-02,2701.125
2007-10-03,3249.45833333333
2007-10-04,3128.70833333333
2007-10-05,3283
2007-10-06,3509.625
2007-10-07,3555.70833333333
2007-10-08,3477.83333333333
2007-10-09,3657.5
2007-10-10,3071.54166666667
2007-10-11,2357.54166666667
2007-10-12,2047.79166666667
2007-10-13,2177.29166666667
2007-10-14,2252.83333333333
2007-10-15,2139.375
2007-10-16,2149.875
2007-10-17,2375.04166666667
2007-10-18,2580.66666666667
2007-10-19,2968.875
2007-10-20,2635.20833333333
2007-10-21,2306.20833333333
2007-10-22,2392.54166666667
2007-10-23,2722.125
2007-10-24,3082.04166666667
2007-10-25,2639.875
2007-10-26,2552.08333333333
2007-10-27,2458.75
2007-10-28,2167.66666666667
2007-10-29,2426.95833333333
2007-10-30,2616.54166666667
2007-10-31,2330.41666666667
2007-11-01,2124.20833333333
2007-11-02,2283.45833333333
2007-11-03,2425.79166666667
2007-11-04,2804.08333333333
2007-11-05,2698.5
2007-11-06,2729.41666666667
2007-11-07,3433.20833333333
2007-11-08,3648.75
2007-11-09,3488.625
2007-11-10,3603.54166666667
2007-11-11,3769.5
2007-11-12,3105.375
2007-11-13,2411.79166666667
2007-11-14,2214.33333333333
2007-11-15,2672.83333333333
2007-11-16,3883.54166666667
2007-11-17,4104.33333333333
2007-11-18,3089.33333333333
2007-11-19,2798.83333333333
2007-11-20,2692.375
2007-11-21,2543.91666666667
2007-11-22,2432.20833333333
2007-11-23,3096.625
2007-11-24,4186.875
2007-11-25,3824.625
2007-11-26,2615.66666666667
2007-11-27,2278.79166666667
2007-11-28,3476.66666666667
2007-11-29,3507.58333333333
2007-11-30,3647.875
2007-12-01,4327.16666666667
2007-12-02,3766.875
2007-12-03,2771.125
2007-12-04,4524.625
2007-12-05,4537.75
2007-12-06,4771.08333333333
2007-12-07,4643.04166666667
2007-12-08,3291.16666666667
2007-12-09,3006.79166666667
2007-12-10,2417.33333333333
2007-12-11,2528.45833333333
2007-12-12,2453.79166666667
2007-12-13,2383.5
2007-12-14,2457.58333333333
2007-12-15,3782.33333333333
2007-12-16,3054.33333333333
2007-12-17,4893
2007-12-18,5179.70833333333
2007-12-19,4408.54166666667
2007-12-20,4397.75
2007-12-21,3995.54166666667
2007-12-22,3174.5
2007-12-23,2804.08333333333
2007-12-24,3107.125
2007-12-25,3752.58333333333
2007-12-26,4127.08333333333
2007-12-27,3700.08333333333
2007-12-28,3553.95833333333
2007-12-29,2513.875
2007-12-30,3088.45833333333
2007-12-31,3258.79166666667
2008-01-01,3565.04166666667
2008-01-02,5581.33333333333
2008-01-03,6557.83333333333
2008-01-04,6337.625
2008-01-05,5047.29166666667
2008-01-06,3263.16666666667
2008-01-07,2699.66666666667
2008-01-08,2452.91666666667
2008-01-09,2281.70833333333
2008-01-10,2702.29166666667
2008-01-11,2394.58333333333
2008-01-12,2953.125
2008-01-13,3628.04166666667
2008-01-14,3891.70833333333
2008-01-15,5126.33333333333
2008-01-16,5207.125
2008-01-17,4382.29166666667
2008-01-18,4059.41666666667
2008-01-19,4775.75
2008-01-20,6017.95833333333
2008-01-21,6779.5
2008-01-22,4724.70833333333
2008-01-23,3596.54166666667
2008-01-24,4602.79166666667
2008-01-25,5900.41666666667
2008-01-26,5865.70833333333
2008-01-27,5271.58333333333
2008-01-28,5226.375
2008-01-29,4104.625
2008-01-30,3056.08333333333
2008-01-31,4685.04166666667
2008-02-01,2925.41666666667
2008-02-02,3591
2008-02-03,3420.375
2008-02-04,2844.91666666667
2008-02-05,2414.125
2008-02-06,2149.875
2008-02-07,2136.45833333333
2008-02-08,2752.16666666667
2008-02-09,2949.625
2008-02-10,3036.83333333333
2008-02-11,4531.04166666667
2008-02-12,3843.875
2008-02-13,2381.16666666667
2008-02-14,3905.70833333333
2008-02-15,3557.45833333333
2008-02-16,3588.375
2008-02-17,3561.83333333333
2008-02-18,2322.83333333333
2008-02-19,3191.41666666667
2008-02-20,3537.33333333333
2008-02-21,4523.75
2008-02-22,4331.25
2008-02-23,3779.125
2008-02-24,4121.54166666667
2008-02-25,3810.04166666667
2008-02-26,3194.625
2008-02-27,3721.95833333333
2008-02-28,5325.83333333333
2008-02-29,4641.875
2008-03-01,3197.83333333333
2008-03-02,3700.66666666667
2008-03-03,3047.04166666667
2008-03-04,2291.91666666667
2008-03-05,2123.91666666667
2008-03-06,2516.79166666667
2008-03-07,2660
2008-03-08,2412.375
2008-03-09,NA
2008-03-10,3781.45833333333
2008-03-11,2886.04166666667
2008-03-12,2589.70833333333
2008-03-13,2639.29166666667
2008-03-14,2282.875
2008-03-15,2342.66666666667
2008-03-16,2877.58333333333
2008-03-17,3511.95833333333
2008-03-18,3566.20833333333
2008-03-19,2370.375
2008-03-20,2156.58333333333
2008-03-21,2922.20833333333
2008-03-22,2652.70833333333
2008-03-23,3044.125
2008-03-24,3385.95833333333
2008-03-25,3531.20833333333
2008-03-26,2879.04166666667
2008-03-27,2318.45833333333
2008-03-28,2164.75
2008-03-29,3026.91666666667
2008-03-30,3858.45833333333
2008-03-31,2703.16666666667
2008-04-01,2148.70833333333
2008-04-02,2212.58333333333
2008-04-03,2951.08333333333
2008-04-04,2233.875
2008-04-05,2272.08333333333
2008-04-06,2634.04166666667
2008-04-07,3291.45833333333
2008-04-08,3138.33333333333
2008-04-09,2807.29166666667
2008-04-10,2358.125
2008-04-11,2270.625
2008-04-12,2385.25
2008-04-13,2206.16666666667
2008-04-14,2711.33333333333
2008-04-15,2932.70833333333
2008-04-16,2961.875
2008-04-17,2729.125
2008-04-18,2322.25
2008-04-19,2294.54166666667
2008-04-20,2245.25
2008-04-21,2272.66666666667
2008-04-22,2199.45833333333
2008-04-23,2139.66666666667
2008-04-24,2206.16666666667
2008-04-25,2270.625
2008-04-26,2590.29166666667
2008-04-27,2391.66666666667
2008-04-28,2177
2008-04-29,2050.125
2008-04-30,2225.41666666667
2008-05-01,2222.79166666667
2008-05-02,2306.20833333333
2008-05-03,2558.5
2008-05-04,2603.125
2008-05-05,2149.875
2008-05-06,2149
2008-05-07,2373.875
2008-05-08,2206.45833333333
2008-05-09,2580.375
2008-05-10,2258.66666666667
2008-05-11,2152.5
2008-05-12,2414.70833333333
2008-05-13,2341.79166666667
2008-05-14,2315.54166666667
2008-05-15,2302.41666666667
2008-05-16,2418.79166666667
2008-05-17,2317
2008-05-18,2435.41666666667
2008-05-19,2206.75
2008-05-20,2395.75
2008-05-21,2188.66666666667
2008-05-22,2228.04166666667
2008-05-23,2289
2008-05-24,2366.58333333333
2008-05-25,2489.66666666667
2008-05-26,2716.58333333333
2008-05-27,2921.33333333333
2008-05-28,2255.45833333333
2008-05-29,2170.29166666667
2008-05-30,2463.70833333333
2008-05-31,3420.08333333333
2008-06-01,3570.58333333333
2008-06-02,2874.08333333333
2008-06-03,2721.25
2008-06-04,3869.54166666667
2008-06-05,4307.91666666667
2008-06-06,4296.83333333333
2008-06-07,5251.16666666667
2008-06-08,5466.41666666667
2008-06-09,5334
2008-06-10,5047.29166666667
2008-06-11,4420.5
2008-06-12,3781.75
2008-06-13,3661
2008-06-14,4107.83333333333
2008-06-15,3657.79166666667
2008-06-16,4006.33333333333
2008-06-17,3842.41666666667
2008-06-18,3296.41666666667
2008-06-19,3393.54166666667
2008-06-20,3538.79166666667
2008-06-21,3100.70833333333
2008-06-22,3655.75
2008-06-23,3669.16666666667
2008-06-24,3751.70833333333
2008-06-25,4256.58333333333
2008-06-26,4769.91666666667
2008-06-27,4922.45833333333
2008-06-28,5254.95833333333
2008-06-29,4946.08333333333
2008-06-30,3880.33333333333
2008-07-01,3589.25
2008-07-02,3702.125
2008-07-03,4238.20833333333
2008-07-04,5014.625
2008-07-05,4585.58333333333
2008-07-06,4033.45833333333
2008-07-07,3981.54166666667
2008-07-08,3948
2008-07-09,3164.29166666667
2008-07-10,3347.16666666667
2008-07-11,3196.95833333333
2008-07-12,3640.29166666667
2008-07-13,3960.83333333333
2008-07-14,4055.33333333333
2008-07-15,3518.66666666667
2008-07-16,3551.91666666667
2008-07-17,3607.33333333333
2008-07-18,4120.66666666667
2008-07-19,4699.91666666667
2008-07-20,4827.08333333333
2008-07-21,4851
2008-07-22,4581.20833333333
2008-07-23,4060
2008-07-24,3601.5
2008-07-25,3557.16666666667
2008-07-26,4015.66666666667
2008-07-27,4477.08333333333
2008-07-28,4293.91666666667
2008-07-29,4824.45833333333
2008-07-30,5051.375
2008-07-31,4802.875
2008-08-01,4612.70833333333
2008-08-02,5003.25
2008-08-03,4557.875
2008-08-04,4475.04166666667
2008-08-05,4746.875
2008-08-06,4764.95833333333
2008-08-07,4323.66666666667
2008-08-08,3872.45833333333
2008-08-09,3760.45833333333
2008-08-10,3738.29166666667
2008-08-11,3300.20833333333
2008-08-12,3143.875
2008-08-13,2738.75
2008-08-14,3255.58333333333
2008-08-15,3700.95833333333
2008-08-16,3622.20833333333
2008-08-17,3486.875
2008-08-18,3738
2008-08-19,3922.04166666667
2008-08-20,3838.91666666667
2008-08-21,3448.08333333333
2008-08-22,3461.5
2008-08-23,3521.29166666667
2008-08-24,3726.91666666667
2008-08-25,4031.70833333333
2008-08-26,3539.08333333333
2008-08-27,3150.875
2008-08-28,3584
2008-08-29,4248.125
2008-08-30,4350.20833333333
2008-08-31,4042.79166666667
2008-09-01,3577.58333333333
2008-09-02,3182.08333333333
2008-09-03,3606.75
2008-09-04,3881.20833333333
2008-09-05,3476.66666666667
2008-09-06,3507.58333333333
2008-09-07,3842.41666666667
2008-09-08,3696.58333333333
2008-09-09,3916.5
2008-09-10,2814.875
2008-09-11,3034.20833333333
2008-09-12,3548.41666666667
2008-09-13,4433.625
2008-09-14,4601.33333333333
2008-09-15,4161.5
2008-09-16,2656.20833333333
2008-09-17,2303.58333333333
2008-09-18,2356.375
2008-09-19,2213.45833333333
2008-09-20,2300.375
2008-09-21,2382.04166666667
2008-09-22,2276.75
2008-09-23,2149.875
2008-09-24,2091.54166666667
2008-09-25,2173.20833333333
2008-09-26,2758.58333333333
2008-09-27,3171.29166666667
2008-09-28,2930.95833333333
2008-09-29,2883.125
2008-09-30,2554.125
2008-10-01,2409.75
2008-10-02,2079
2008-10-03,2125.66666666667
2008-10-04,2279.08333333333
2008-10-05,2364.25
2008-10-06,2285.20833333333
2008-10-07,2102.625
2008-10-08,2168.54166666667
2008-10-09,2359.875
2008-10-10,2328.95833333333
2008-10-11,2311.16666666667
2008-10-12,2361.91666666667
2008-10-13,2261.29166666667
2008-10-14,2251.08333333333
2008-10-15,2309.41666666667
2008-10-16,2487.33333333333
2008-10-17,2164.75
2008-10-18,2394.29166666667
2008-10-19,2566.08333333333
2008-10-20,2787.16666666667
2008-10-21,2542.75
2008-10-22,2685.95833333333
2008-10-23,2852.5
2008-10-24,2697.04166666667
2008-10-25,2298.04166666667
2008-10-26,2252.25
2008-10-27,2566.66666666667
2008-10-28,3422.125
2008-10-29,3561.54166666667
2008-10-30,3816.45833333333
2008-10-31,3628.625
2008-11-01,3003.875
2008-11-02,2758
2008-11-03,2268.58333333333
2008-11-04,2201.20833333333
2008-11-05,2371.25
2008-11-06,2317.29166666667
2008-11-07,2223.66666666667
2008-11-08,2319.625
2008-11-09,2702.58333333333
2008-11-10,3180.33333333333
2008-11-11,3397.33333333333
2008-11-12,3048.5
2008-11-13,2569.875
2008-11-14,2349.66666666667
2008-11-15,2286.66666666667
2008-11-16,2928.33333333333
2008-11-17,3917.08333333333
2008-11-18,4659.375
2008-11-19,5259.625
2008-11-20,4148.08333333333
2008-11-21,5012.875
2008-11-22,5758.66666666667
2008-11-23,5132.75
2008-11-24,4262.41666666667
2008-11-25,3409.875
2008-11-26,4510.625
2008-11-27,4637.20833333333
2008-11-28,3663.04166666667
2008-11-29,3888.20833333333
2008-11-30,3194.91666666667
2008-12-01,3001.83333333333
2008-12-02,4420.5
2008-12-03,4812.5
2008-12-04,3968.41666666667
2008-12-05,4025.29166666667
2008-12-06,4632.83333333333
2008-12-07,4159.75
2008-12-08,5748.75
2008-12-09,4014.79166666667
2008-12-10,2542.16666666667
2008-12-11,2337.41666666667
2008-12-12,2855.41666666667
2008-12-13,4495.16666666667
2008-12-14,4344.375
2008-12-15,2728.54166666667
2008-12-16,3138.04166666667
2008-12-17,3026.04166666667
2008-12-18,2835
2008-12-19,3001.54166666667
2008-12-20,3000.95833333333
2008-12-21,3477.25
2008-12-22,6057.04166666667
2008-12-23,5968.08333333333
2008-12-24,3797.79166666667
2008-12-25,2782.20833333333
2008-12-26,3862.83333333333
2008-12-27,3066
2008-12-28,2474.20833333333
2008-12-29,2940.58333333333
2008-12-30,3579.625
2008-12-31,3985.625
2009-01-01,6035.75
2009-01-02,5309.5
2009-01-03,4322.79166666667
2009-01-04,4197.375
2009-01-05,2713.08333333333
2009-01-06,3348.33333333333
2009-01-07,2729.70833333333
2009-01-08,3929.33333333333
2009-01-09,4816.29166666667
2009-01-10,4008.95833333333
2009-01-11,3092.83333333333
2009-01-12,4288.95833333333
2009-01-13,4639.83333333333
2009-01-14,5070.33333333333
2009-01-15,5075.58333333333
2009-01-16,7364.29166666667
2009-01-17,7430.5
2009-01-18,5660.95833333333
2009-01-19,4885.41666666667
2009-01-20,6544.125
2009-01-21,6591.66666666667
2009-01-22,5663.29166666667
2009-01-23,4393.375
2009-01-24,3915.91666666667
2009-01-25,5998.125
2009-01-26,5140.33333333333
2009-01-27,4837.29166666667
2009-01-28,3374
2009-01-29,3702.125
2009-01-30,4717.70833333333
2009-01-31,5404
2009-02-01,4326
2009-02-02,3501.45833333333
2009-02-03,4745.125
2009-02-04,5644.625
2009-02-05,6680.04166666667
2009-02-06,6100.5
2009-02-07,4184.25
2009-02-08,2942.625
2009-02-09,3107.70833333333
2009-02-10,2905.875
2009-02-11,2330.70833333333
2009-02-12,2240.29166666667
2009-02-13,2851.91666666667
2009-02-14,3812.08333333333
2009-02-15,4145.16666666667
2009-02-16,4593.45833333333
2009-02-17,4860.625
2009-02-18,4219.83333333333
2009-02-19,2835
2009-02-20,4976.125
2009-02-21,4943.45833333333
2009-02-22,4291
2009-02-23,5278.58333333333
2009-02-24,5450.95833333333
2009-02-25,5076.75
2009-02-26,3815
2009-02-27,2820.41666666667
2009-02-28,3378.375
2009-03-01,4771.66666666667
2009-03-02,6376.125
2009-03-03,6997.95833333333
2009-03-04,6204.33333333333
2009-03-05,4560.20833333333
2009-03-06,3212.125
2009-03-07,2472.75
2009-03-08,NA
2009-03-09,2127.125
2009-03-10,2389.625
2009-03-11,2388.16666666667
2009-03-12,2465.75
2009-03-13,4141.375
2009-03-14,4245.79166666667
2009-03-15,3742.375
2009-03-16,3377.79166666667
2009-03-17,3584.58333333333
2009-03-18,3370.5
2009-03-19,2660.875
2009-03-20,2949.33333333333
2009-03-21,3898.41666666667
2009-03-22,3797.5
2009-03-23,3155.83333333333
2009-03-24,3950.33333333333
2009-03-25,4503.33333333333
2009-03-26,3063.375
2009-03-27,2412.95833333333
2009-03-28,2354.91666666667
2009-03-29,2186.33333333333
2009-03-30,2288.70833333333
2009-03-31,2686.25
2009-04-01,2374.75
2009-04-02,2209.375
2009-04-03,2120.125
2009-04-04,2229.79166666667
2009-04-05,2338.29166666667
2009-04-06,2134.125
2009-04-07,2752.16666666667
2009-04-08,3292.04166666667
2009-04-09,2602.25
2009-04-10,2374.45833333333
2009-04-11,2305.33333333333
2009-04-12,2578.91666666667
2009-04-13,2814.58333333333
2009-04-14,2288.41666666667
2009-04-15,2524.66666666667
2009-04-16,2996
2009-04-17,3054.33333333333
2009-04-18,2428.125
2009-04-19,2175.54166666667
2009-04-20,2110.20833333333
2009-04-21,2116.04166666667
2009-04-22,2113.70833333333
2009-04-23,2237.375
2009-04-24,2268
2009-04-25,2816.33333333333
2009-04-26,3121.70833333333
2009-04-27,3031.29166666667
2009-04-28,2793.29166666667
2009-04-29,2401.875
2009-04-30,2118.95833333333
2009-05-01,2523.20833333333
2009-05-02,2816.33333333333
2009-05-03,3031.29166666667
2009-05-04,2893.625
2009-05-05,2319.91666666667
2009-05-06,2713.375
2009-05-07,2787.45833333333
2009-05-08,2897.125
2009-05-09,3696.29166666667
2009-05-10,2923.95833333333
2009-05-11,2167.08333333333
2009-05-12,2156.29166666667
2009-05-13,2146.375
2009-05-14,2195.66666666667
2009-05-15,2894.20833333333
2009-05-16,2944.375
2009-05-17,2566.375
2009-05-18,2240.58333333333
2009-05-19,2248.75
2009-05-20,2279.95833333333
2009-05-21,2337.70833333333
2009-05-22,2739.04166666667
2009-05-23,3302.25
2009-05-24,3137.45833333333
2009-05-25,3272.5
2009-05-26,3029.54166666667
2009-05-27,2743.70833333333
2009-05-28,3222.91666666667
2009-05-29,3653.41666666667
2009-05-30,3309.54166666667
2009-05-31,3569.41666666667
2009-06-01,3087.29166666667
2009-06-02,3922.33333333333
2009-06-03,3980.08333333333
2009-06-04,3665.375
2009-06-05,3378.08333333333
2009-06-06,2524.95833333333
2009-06-07,2882.25
2009-06-08,3596.83333333333
2009-06-09,3501.45833333333
2009-06-10,3269.875
2009-06-11,3745.29166666667
2009-06-12,4256.875
2009-06-13,4094.125
2009-06-14,3517.79166666667
2009-06-15,2752.75
2009-06-16,2707.54166666667
2009-06-17,2823.33333333333
2009-06-18,3201.91666666667
2009-06-19,3834.54166666667
2009-06-20,4799.375
2009-06-21,4090.33333333333
2009-06-22,3351.83333333333
2009-06-23,3159.91666666667
2009-06-24,3488.33333333333
2009-06-25,3947.125
2009-06-26,4097.91666666667
2009-06-27,4057.08333333333
2009-06-28,3719.33333333333
2009-06-29,4183.08333333333
2009-06-30,4245.5
2009-07-01,4740.45833333333
2009-07-02,4430.70833333333
2009-07-03,4047.75
2009-07-04,3997.875
2009-07-05,3240.70833333333
2009-07-06,2954.29166666667
2009-07-07,3486.29166666667
2009-07-08,3662.45833333333
2009-07-09,3100.41666666667
2009-07-10,3094.875
2009-07-11,3383.04166666667
2009-07-12,3956.16666666667
2009-07-13,3060.75
2009-07-14,3256.45833333333
2009-07-15,3405.5
2009-07-16,3818.20833333333
2009-07-17,4099.95833333333
2009-07-18,3665.95833333333
2009-07-19,3415.41666666667
2009-07-20,3277.45833333333
2009-07-21,3339.58333333333
2009-07-22,3684.625
2009-07-23,3840.375
2009-07-24,3900.45833333333
2009-07-25,4316.375
2009-07-26,4716.25
2009-07-27,4043.66666666667
2009-07-28,4190.375
2009-07-29,4215.75
2009-07-30,4571
2009-07-31,4671.625
2009-08-01,4217.5
2009-08-02,3890.54166666667
2009-08-03,4037.83333333333
2009-08-04,4374.41666666667
2009-08-05,4773.125
2009-08-06,3814.41666666667
2009-08-07,3650.20833333333
2009-08-08,3897.25
2009-08-09,4812.20833333333
2009-08-10,5199.25
2009-08-11,5305.125
2009-08-12,4315.20833333333
2009-08-13,3332.29166666667
2009-08-14,3259.66666666667
2009-08-15,3579.04166666667
2009-08-16,3830.75
2009-08-17,4012.45833333333
2009-08-18,3472.58333333333
2009-08-19,5017.83333333333
2009-08-20,4890.95833333333
2009-08-21,4642.45833333333
2009-08-22,4440.625
2009-08-23,3559.79166666667
2009-08-24,3920.58333333333
2009-08-25,3959.95833333333
2009-08-26,4368.29166666667
2009-08-27,4540.66666666667
2009-08-28,4215.75
2009-08-29,4366.54166666667
2009-08-30,4459.58333333333
2009-08-31,2758.29166666667
2009-09-01,2397.5
2009-09-02,2398.375
2009-09-03,2557.625
2009-09-04,3009.41666666667
2009-09-05,3280.95833333333
2009-09-06,3220
2009-09-07,2921.04166666667
2009-09-08,2650.95833333333
2009-09-09,2628.5
2009-09-10,2298.04166666667
2009-09-11,2415
2009-09-12,2845.20833333333
2009-09-13,2735.54166666667
2009-09-14,2801.16666666667
2009-09-15,3027.79166666667
2009-09-16,3142.70833333333
2009-09-17,2652.70833333333
2009-09-18,2559.95833333333
2009-09-19,2612.75
2009-09-20,2550.91666666667
2009-09-21,2659.125
2009-09-22,3089.91666666667
2009-09-23,3381.58333333333
2009-09-24,3584.29166666667
2009-09-25,2645.41666666667
2009-09-26,2305.91666666667
2009-09-27,2697.91666666667
2009-09-28,2705.20833333333
2009-09-29,2151.625
2009-09-30,2055.375
2009-10-01,2077.25
2009-10-02,2164.16666666667
2009-10-03,2678.08333333333
2009-10-04,2408.875
2009-10-05,2115.75
2009-10-06,2124.20833333333
2009-10-07,2377.66666666667
2009-10-08,2095.04166666667
2009-10-09,2518.25
2009-10-10,2884
2009-10-11,2199.16666666667
2009-10-12,2134.70833333333
2009-10-13,2133.25
2009-10-14,2198.58333333333
2009-10-15,2214.33333333333
2009-10-16,2387
2009-10-17,3012.625
2009-10-18,3476.375
2009-10-19,3078.83333333333
2009-10-20,2947
2009-10-21,2441.25
2009-10-22,2247
2009-10-23,2174.08333333333
2009-10-24,2461.08333333333
2009-10-25,2212
2009-10-26,2456.125
2009-10-27,2169.125
2009-10-28,2231.54166666667
2009-10-29,2154.83333333333
2009-10-30,2201.79166666667
2009-10-31,2241.16666666667
2009-11-01,2308.25
2009-11-02,2473.33333333333
2009-11-03,2323.41666666667
2009-11-04,2494.04166666667
2009-11-05,2494.91666666667
2009-11-06,3110.04166666667
2009-11-07,3407.83333333333
2009-11-08,2664.08333333333
2009-11-09,2423.16666666667
2009-11-10,2129.75
2009-11-11,2426.08333333333
2009-11-12,2165.04166666667
2009-11-13,2723
2009-11-14,2676.91666666667
2009-11-15,2391.95833333333
2009-11-16,2372.70833333333
2009-11-17,2409.16666666667
2009-11-18,2354.91666666667
2009-11-19,2135.875
2009-11-20,2234.75
2009-11-21,2955.75
2009-11-22,3156.70833333333
2009-11-23,2417.91666666667
2009-11-24,2517.95833333333
2009-11-25,2752.45833333333
2009-11-26,2750.125
2009-11-27,3308.66666666667
2009-11-28,3969
2009-11-29,3335.79166666667
2009-11-30,2657.375
2009-12-01,3507.29166666667
2009-12-02,3173.33333333333
2009-12-03,2277.33333333333
2009-12-04,3030.125
2009-12-05,3360.875
2009-12-06,4709.83333333333
2009-12-07,4185.125
2009-12-08,3866.04166666667
2009-12-09,2471.875
2009-12-10,2940
2009-12-11,5432.875
2009-12-12,5530.875
2009-12-13,3391.79166666667
2009-12-14,3561.54166666667
2009-12-15,3020.5
2009-12-16,3959.95833333333
2009-12-17,5246.5
2009-12-18,5136.25
2009-12-19,4778.95833333333
2009-12-20,5807.66666666667
2009-12-21,5618.08333333333
2009-12-22,5386.5
2009-12-23,5159.58333333333
2009-12-24,5280.33333333333
2009-12-25,4045.41666666667
2009-12-26,3002.41666666667
2009-12-27,3824.04166666667
2009-12-28,4421.66666666667
2009-12-29,5485.95833333333
2009-12-30,5996.66666666667
2009-12-31,4579.75
2010-01-01,4272.625
2010-01-02,6384.875
2010-01-03,7544.83333333333
2010-01-04,6664.58333333333
2010-01-05,6549.95833333333
2010-01-06,6152.41666666667
2010-01-07,5818.45833333333
2010-01-08,5443.66666666667
2010-01-09,6758.79166666667
2010-01-10,7016.33333333333
2010-01-11,6621.41666666667
2010-01-12,5577.83333333333
2010-01-13,5999.29166666667
2010-01-14,5234.54166666667
2010-01-15,4771.95833333333
2010-01-16,4468.625
2010-01-17,3259.66666666667
2010-01-18,3184.70833333333
2010-01-19,3432.625
2010-01-20,3417.16666666667
2010-01-21,4400.375
2010-01-22,4036.66666666667
2010-01-23,4842.25
2010-01-24,3465.58333333333
2010-01-25,2610.125
2010-01-26,3499.125
2010-01-27,4280.79166666667
2010-01-28,4118.04166666667
2010-01-29,5060.125
2010-01-30,7213.79166666667
2010-01-31,7137.95833333333
2010-02-01,6139
2010-02-02,5612.54166666667
2010-02-03,4669.875
2010-02-04,4914.58333333333
2010-02-05,4897.375
2010-02-06,5071.20833333333
2010-02-07,6045.66666666667
2010-02-08,5893.125
2010-02-09,5352.66666666667
2010-02-10,5336.91666666667
2010-02-11,5072.66666666667
2010-02-12,5323.79166666667
2010-02-13,6356.875
2010-02-14,5851.125
2010-02-15,4570.70833333333
2010-02-16,4905.83333333333
2010-02-17,5278.58333333333
2010-02-18,4719.45833333333
2010-02-19,4302.95833333333
2010-02-20,4392.79166666667
2010-02-21,4053.875
2010-02-22,3465.29166666667
2010-02-23,3373.125
2010-02-24,4294.5
2010-02-25,4818.625
2010-02-26,5044.08333333333
2010-02-27,4500.41666666667
2010-02-28,4592
2010-03-01,4044.83333333333
2010-03-02,4766.41666666667
2010-03-03,5214.125
2010-03-04,4218.08333333333
2010-03-05,4418.16666666667
2010-03-06,4042.79166666667
2010-03-07,4074.29166666667
2010-03-08,3415.41666666667
2010-03-09,3289.41666666667
2010-03-10,2611.875
2010-03-11,2339.45833333333
2010-03-12,2406.83333333333
2010-03-13,2328.08333333333
2010-03-14,NA
2010-03-15,3038
2010-03-16,3420.375
2010-03-17,3400.83333333333
2010-03-18,2827.125
2010-03-19,2734.95833333333
2010-03-20,2466.625
2010-03-21,2272.66666666667
2010-03-22,2161.25
2010-03-23,2821.875
2010-03-24,2529.91666666667
2010-03-25,2231.25
2010-03-26,2305.33333333333
2010-03-27,3343.66666666667
2010-03-28,2958.375
2010-03-29,2361.04166666667
2010-03-30,2356.375
2010-03-31,2325.45833333333
2010-04-01,2191.875
2010-04-02,2227.75
2010-04-03,2302.41666666667
2010-04-04,2337.70833333333
2010-04-05,2479.16666666667
2010-04-06,2649.5
2010-04-07,2693.83333333333
2010-04-08,2574.54166666667
2010-04-09,2158.91666666667
2010-04-10,2285.5
2010-04-11,2295.70833333333
2010-04-12,2158.625
2010-04-13,2086
2010-04-14,2221.91666666667
2010-04-15,2446.79166666667
2010-04-16,2321.375
2010-04-17,2294.83333333333
2010-04-18,2194.79166666667
2010-04-19,2277.33333333333
2010-04-20,2254.58333333333
2010-04-21,2201.20833333333
2010-04-22,2199.75
2010-04-23,2051.58333333333
2010-04-24,2136.16666666667
2010-04-25,2321.375
2010-04-26,2423.75
2010-04-27,2038.75
2010-04-28,2118.08333333333
2010-04-29,2176.70833333333
2010-04-30,2274.125
2010-05-01,3022.54166666667
2010-05-02,3642.04166666667
2010-05-03,3201.33333333333
2010-05-04,2655.04166666667
2010-05-05,2921.33333333333
2010-05-06,3262.875
2010-05-07,2767.625
2010-05-08,3386.83333333333
2010-05-09,2188.375
2010-05-10,2093.875
2010-05-11,2043.70833333333
2010-05-12,2648.04166666667
2010-05-13,2159.79166666667
2010-05-14,3001.83333333333
2010-05-15,3460.91666666667
2010-05-16,2598.45833333333
2010-05-17,2138.79166666667
2010-05-18,2081.91666666667
2010-05-19,2076.08333333333
2010-05-20,2282.58333333333
2010-05-21,2577.75
2010-05-22,2764.125
2010-05-23,2672.25
2010-05-24,2630.83333333333
2010-05-25,2477.41666666667
2010-05-26,2828.58333333333
2010-05-27,3213.875
2010-05-28,2968.58333333333
2010-05-29,3322.66666666667
2010-05-30,3792.83333333333
2010-05-31,4264.45833333333
2010-06-01,3502.04166666667
2010-06-02,3426.20833333333
2010-06-03,3875.375
2010-06-04,4312.29166666667
2010-06-05,4820.66666666667
2010-06-06,5006.16666666667
2010-06-07,3226.70833333333
2010-06-08,2986.95833333333
2010-06-09,2878.16666666667
2010-06-10,4041.91666666667
2010-06-11,3999.625
2010-06-12,4337.66666666667
2010-06-13,4860.33333333333
2010-06-14,4529
2010-06-15,4394.83333333333
2010-06-16,3848.54166666667
2010-06-17,4254.25
2010-06-18,3891.70833333333
2010-06-19,4459.58333333333
2010-06-20,4451.70833333333
2010-06-21,4631.08333333333
2010-06-22,5012.875
2010-06-23,5337.79166666667
2010-06-24,5478.375
2010-06-25,5129.83333333333
2010-06-26,5175.33333333333
2010-06-27,5757.20833333333
2010-06-28,5459.125
2010-06-29,5040.875
2010-06-30,3191.125
2010-07-01,3215.91666666667
2010-07-02,3015.54166666667
2010-07-03,3208.33333333333
2010-07-04,3865.45833333333
2010-07-05,4514.125
2010-07-06,4821.83333333333
2010-07-07,5122.54166666667
2010-07-08,4571.29166666667
2010-07-09,3889.95833333333
2010-07-10,4093.25
2010-07-11,4235
2010-07-12,4252.79166666667
2010-07-13,4284.875
2010-07-14,3937.5
2010-07-15,4521.125
2010-07-16,5048.16666666667
2010-07-17,4675.41666666667
2010-07-18,4652.375
2010-07-19,4900
2010-07-20,4968.25
2010-07-21,4937.33333333333
2010-07-22,5110.29166666667
2010-07-23,5128.375
2010-07-24,5725.70833333333
2010-07-25,6030.20833333333
2010-07-26,4584.125
2010-07-27,3542.875
2010-07-28,4568.95833333333
2010-07-29,4573.04166666667
2010-07-30,4157.70833333333
2010-07-31,3475.5
2010-08-01,2954.29166666667
2010-08-02,3627.75
2010-08-03,4164.70833333333
2010-08-04,4662.58333333333
2010-08-05,4797.625
2010-08-06,4484.95833333333
2010-08-07,4565.16666666667
2010-08-08,4484.08333333333
2010-08-09,4384.91666666667
2010-08-10,4931.5
2010-08-11,5147.33333333333
2010-08-12,4366.25
2010-08-13,3957.625
2010-08-14,4057.95833333333
2010-08-15,4252.20833333333
2010-08-16,4710.70833333333
2010-08-17,4945.79166666667
2010-08-18,4592.875
2010-08-19,3682.29166666667
2010-08-20,4111.04166666667
2010-08-21,4215.45833333333
2010-08-22,4335.91666666667
2010-08-23,3791.66666666667
2010-08-24,3279.20833333333
2010-08-25,3071.83333333333
2010-08-26,3625.41666666667
2010-08-27,3752.29166666667
2010-08-28,3702.70833333333
2010-08-29,3593.33333333333
2010-08-30,3927
2010-08-31,4096.16666666667
2010-09-01,3986.79166666667
2010-09-02,3556.875
2010-09-03,3381.29166666667
2010-09-04,3521.58333333333
2010-09-05,3001.83333333333
2010-09-06,3302.25
2010-09-07,3329.95833333333
2010-09-08,3546.375
2010-09-09,3187.625
2010-09-10,2747.79166666667
2010-09-11,2577.16666666667
2010-09-12,2492
2010-09-13,2638.70833333333
2010-09-14,3068.33333333333
2010-09-15,2963.91666666667
2010-09-16,3424.45833333333
2010-09-17,3562.125
2010-09-18,3089.33333333333
2010-09-19,2851.91666666667
2010-09-20,2745.45833333333
2010-09-21,2473.33333333333
2010-09-22,3186.16666666667
2010-09-23,3712.625
2010-09-24,3857.58333333333
2010-09-25,3788.45833333333
2010-09-26,3578.16666666667
2010-09-27,2740.5
2010-09-28,2780.45833333333
2010-09-29,2413.54166666667
2010-09-30,2895.375
2010-10-01,2277.625
2010-10-02,2160.66666666667
2010-10-03,2169.70833333333
2010-10-04,2100.29166666667
2010-10-05,2156.58333333333
2010-10-06,2198.875
2010-10-07,2217.54166666667
2010-10-08,2118.95833333333
2010-10-09,2271.20833333333
2010-10-10,2373.58333333333
2010-10-11,2511.54166666667
2010-10-12,2543.91666666667
2010-10-13,2204.125
2010-10-14,2125.66666666667
2010-10-15,2182.54166666667
2010-10-16,2408.58333333333
2010-10-17,2422.58333333333
2010-10-18,2184.29166666667
2010-10-19,2136.45833333333
2010-10-20,2082.5
2010-10-21,2109.33333333333
2010-10-22,2181.375
2010-10-23,2452.625
2010-10-24,2304.75
2010-10-25,2139.375
2010-10-26,2316.41666666667
2010-10-27,2854.83333333333
2010-10-28,2697.625
2010-10-29,2158.91666666667
2010-10-30,2627.625
2010-10-31,2403.625
2010-11-01,2375.625
2010-11-02,2811.95833333333
2010-11-03,2728.54166666667
2010-11-04,2412.66666666667
2010-11-05,2670.5
2010-11-06,3279.20833333333
2010-11-07,3735.375
2010-11-08,3597.70833333333
2010-11-09,3025.75
2010-11-10,3013.5
2010-11-11,3048.5
2010-11-12,3108.875
2010-11-13,3252.66666666667
2010-11-14,3316.54166666667
2010-11-15,2727.95833333333
2010-11-16,2328.08333333333
2010-11-17,2226.58333333333
2010-11-18,2922.79166666667
2010-11-19,3293.20833333333
2010-11-20,3040.91666666667
2010-11-21,2947.58333333333
2010-11-22,2676.04166666667
2010-11-23,2338.29166666667
2010-11-24,2659.70833333333
2010-11-25,3030.125
2010-11-26,2372.41666666667
2010-11-27,3496.5
2010-11-28,4246.08333333333
2010-11-29,3881.5
2010-11-30,2739.33333333333
2010-12-01,2466.04166666667
2010-12-02,4210.5
2010-12-03,4353.41666666667
2010-12-04,5114.66666666667
2010-12-05,5486.25
2010-12-06,5644.04166666667
2010-12-07,6150.08333333333
2010-12-08,6160.58333333333
2010-12-09,5828.08333333333
2010-12-10,5574.625
2010-12-11,4809.58333333333
2010-12-12,3472.875
2010-12-13,5745.25
2010-12-14,7412.125
2010-12-15,7275.33333333333
2010-12-16,6862.04166666667
2010-12-17,5525.04166666667
2010-12-18,6141.91666666667
2010-12-19,5606.125
2010-12-20,6179.54166666667
2010-12-21,5569.66666666667
2010-12-22,4920.41666666667
2010-12-23,5394.375
2010-12-24,5605.25
2010-12-25,5616.04166666667
2010-12-26,6653.5
2010-12-27,6757.33333333333
2010-12-28,6139.58333333333
2010-12-29,5861.33333333333
2010-12-30,6310.20833333333
2010-12-31,5434.625
